Unnamed: 0,crude_oil_30d_mean,crude_oil_7d_mean,unrest_index_yearly,crude_oil,usdinr_quarterly_mean,india_vix_30d_mean,india_vix_7d_mean,us_10y_yield
2016-02-09,-2.590603526874349,-2.590603526874349,1.8008062273240113,-2.590603526874349,-2.2967315042348586,0.5813506902255097,0.5813506902255097,-1.1553018433406133
2016-07-20,-2.1572591286771483,-2.1572591286771483,2.601976878154291,-1.7239147304799476,-2.383806001934855,0.1092828338445402,0.1092828338445402,-1.2771061171906632
2017-08-10,-1.9317142345680167,-1.9317142345680167,2.124463284988606,-1.4806244463497538,-2.634241650581769,-0.1681461088295526,-0.1681461088295526,-0.7604596789585851
2017-08-14,-1.833986708920115,-1.833986708920115,2.108619530591173,-1.54080413197641,-2.74978603669939,-0.2830104641733273,-0.2830104641733273,-0.7547371578577134
2017-09-14,-1.7265892828888334,-1.7265892828888334,1.869570436147907,-1.2969995787637063,-2.817747662300714,-0.4476585160425612,-0.4476585160425612,-0.7727217508410243
2017-11-14,-1.5972117588557533,-1.5972117588557533,1.4883066471158692,-0.9503241386903536,-2.818907286219355,-0.4834062780893748,-0.4834062780893748,-0.6223056510950864
2017-12-04,-1.5030357250747748,-1.5030357250747748,1.4265655148730658,-0.9379795223889048,-2.8463126930914724,-0.492727022219198,-0.492727022219198,-0.6239406849670669
2017-12-06,-1.4403119113070104,-1.2759845376545336,1.4367606607425851,-1.0012452149326587,-2.8706725158944373,-0.4949886671893639,-0.648751432534346,-0.6639971632604629
2017-12-18,-1.3790107488956924,-1.1566540689581335,1.430343947980359,-0.8886014496051484,-2.895948924828849,-0.5327513573813678,-0.7161896977316272,-0.6133134520544901
2017-12-20,-1.3240547434626784,-1.0636292472746762,1.437022370464949,-0.8294506945655507,-2.91666455741968,-0.5782584875142037,-0.7540209355219112,-0.5274781692689442
2018-10-04,-1.185478033444417,-0.8149016474583037,1.480743350478953,0.200289066738196,-2.7552346660260043,-0.514857541587709,-0.6473415858244987,0.0447569843339884
2018-10-05,-1.071797677867846,-0.6040893885671407,1.4847752536780112,0.178686233474435,-2.614537728920667,-0.4509207856383857,-0.4532509782068318,0.0676462891290041
2018-10-17,-0.9918681544650584,-0.4730022078444627,1.4621315967958766,-0.0327138736316074,-2.507258203896721,-0.4189624740942407,-0.3637249278126973,0.0300422641925196
2018-10-29,-0.9333136103264909,-0.3635914955782068,1.5522962751333218,-0.1721045365251132,-2.420029791046045,-0.3698343009038847,-0.2469415795885713,-0.0451657856804489
2018-10-30,-0.8874698352511381,-0.2556503197587125,1.5639370105667316,-0.2456569841961987,-2.338218495031639,-0.3199096167195595,-0.1198192733254971,-0.0263637732122071
2018-11-14,-0.8788286569806083,-0.2357373959469287,1.6046572966038737,-0.7492109829226622,-2.2796522724088137,-0.2933934925270823,0.0143523337141417,-0.0181889936565417
2018-11-15,-0.8696912778732045,-0.2206006127453851,1.5985165735977482,-0.723493212154745,-2.229742438495665,-0.2736735960301872,0.1614476775184075,-0.0198238326264037
2018-11-21,-0.8705418167355,-0.3756420476214876,1.6298023440567395,-0.8850009773945215,-2.19633202607126,-0.246001656882996,0.1764861619386959,-0.0664200566034845
2019-01-09,-0.8768253805503825,-0.5425871565775882,1.5536524767548276,-0.9899295292182688,-2.1778693861013,-0.2583812058547435,0.0716866452029287,-0.3386406251015904
2019-01-11,-0.8849494916229647,-0.686386260630505,1.5594499809447189,-1.0393076020020249,-2.157349654777707,-0.2688648662359287,0.0098878340723649,-0.3607125104116752
2019-01-15,-0.8919079883649536,-0.8090967444418791,1.557432336977611,-1.031077923204732,-2.135305017293961,-0.2765485995258655,-0.0899771967698271,-0.3525377308560101
2019-01-16,-0.8966440679512503,-0.9163031380229196,1.545792921696206,-0.996101739263483,-2.115196199955044,-0.2797955484210201,-0.1938368306384357,-0.3361881717446793
2019-01-22,-0.9005657748268547,-0.9502506156182752,1.4908806756539523,-0.9868433260901512,-2.093289432374578,-0.2691008664077188,-0.2135748638491734,-0.3370055912296103
2019-02-15,-0.8939807218671915,-0.9529693715668742,1.706582758895144,-0.7425245037949378,-2.0772950637519463,-0.2697832408398691,-0.2603352353776678,-0.3893243363075632
2019-02-18,-0.8879224731443014,-0.9326155896240764,1.79548489835468,-0.7425245037949378,-2.060098126623793,-0.2602788307529015,-0.2969915635612299,-0.3893243363075632
2019-02-19,-0.8819345915793894,-0.8958024500866932,1.7999138770089331,-0.7322375524565867,-2.0412984555988487,-0.2485321764511967,-0.2217990966415696,-0.4048562810318449
2019-02-20,-0.8751900848593714,-0.8473060655348192,1.8127243981136707,-0.6998329101389059,-2.024632720679994,-0.2462453418384642,-0.1816181292742797,-0.399133954833091
2019-03-05,-0.8711684508858278,-0.8089498384484504,1.9273851804586464,-0.7625843336001502,-2.014161683144481,-0.2523460293248351,-0.1797383187217437,-0.3435455318154137
2019-05-15,-0.8569419693788278,-0.7321639452940713,1.584891663626543,-0.4586004871828293,-2.00850598223588,-0.1842919610280526,0.1158621707784163,-0.6239406849670669
2019-08-01,-0.8629865326537332,-0.7395118797991905,1.5938108374283713,-1.0382788676259858,-2.0092458472067904,-0.1980821101794617,0.0352652317133827,-1.020417785770016
2019-08-02,-0.8088591983007528,-0.7715488787263336,1.5917764172372233,-0.966783496284939,-2.010634034604253,-0.233939530456236,0.005423222385041,-1.0522994845077465
2019-08-06,-0.7886793200533496,-0.8252622900496075,1.5901880054458344,-1.118518383057855,-1.99803102633284,-0.2332267624190759,-0.0387523480086653,-1.147127063784948
2019-08-08,-0.779283761917648,-0.8919080257384812,1.5716852068305582,-1.1987577022787037,-1.9883445787762903,-0.2206711826721464,-0.0946767455602765,-1.1659290762531902
2019-08-14,-0.7642817289696963,-0.9477523447954744,1.557933060122216,-1.0907431435378592,-1.9797289317458655,-0.2098152636592703,-0.1111250766904122,-1.2762886977057322
2019-08-16,-0.7588467098867862,-1.0008044408920818,1.5884044694151456,-1.1339490062764008,-1.967945315898723,-0.1814144356984734,-0.0878624042959466,-1.310622752349315
2019-10-01,-0.7645389092935223,-1.0954458171363122,1.4544217616102573,-1.1210901208924422,-1.961250723077701,-0.1672140191036789,-0.367484481690441,-1.2247874695637693
2019-10-03,-0.7726657277339458,-1.1159465611328296,1.443496654598062,-1.1817840756016085,-1.953732649879249,-0.1516429007783365,-0.2937018390715184,-1.3130752057062265
2019-10-09,-0.7776378326985568,-1.1421786850736937,1.439593350584527,-1.1504083638709863,-1.9462499675088043,-0.1402935354170138,-0.2474114537948222,-1.269748854570988
2019-10-14,-0.7845987783409387,-1.1391660330478006,1.438427347744103,-1.0974298188766034,-1.9406702572790329,-0.116662725426079,-0.2166295391902125,-1.1520318730477117
2019-12-10,-0.784975974405119,-1.0880244436495516,1.3437110725902588,-0.8407665764909604,-1.9351383535567976,-0.1051488727198153,-0.2589253214404922,-1.0702840774910578
2019-12-11,-0.8207408219994946,-1.056869189014582,1.353592909533731,-0.8726563610930727,-1.9296331397000812,-0.1355235069895672,-0.3289483429543427,-1.105435649070631
2020-04-07,-0.9103929757363256,-1.2535733850651678,2.405911006848932,-2.5108783786305,-1.9007750040921785,0.0403094385824248,0.4969941972827323,-1.9670582035913424
2020-04-08,-0.9913353779038964,-1.4449870733174937,2.403133838846541,-2.4609859386587245,-1.87002326722208,0.2281496988955039,1.3306910064695148,-1.944168801345268
2020-04-13,-1.069517395152034,-1.635812927370013,2.3582172304358697,-2.517565053969244,-1.8429144854166264,0.4015702156962826,2.123971776731225,-1.9564309706787657
2020-04-15,-1.1521914609437331,-1.860880155095182,2.3592423830594567,-2.7258789579471694,-1.8180580916844409,0.5618868877442895,2.8895253973658024,-2.047171111452605
2020-04-16,-1.2178575075367757,-2.092560521071944,2.3537763813894563,-2.7191923807139355,-1.7887058615378768,0.7114024542080237,3.563203103574583,-2.0708779819091405
2020-05-04,-1.2854438125158532,-2.365462776077102,2.2811423050332533,-2.751082361527067,-1.7674681472040108,0.8496783030828118,4.253564145243953,-2.047988579663065
2020-05-05,-1.3411827947526074,-2.6061076451348284,2.284374883436368,-2.5571704444971592,-1.746074873033555,0.9815393128262492,4.963898246863623,-2.0316390205517347
2020-05-06,-1.3955673061592302,-2.621905715532893,2.285463786975249,-2.621464871416952,-1.7242475467614231,1.123982090778869,4.715998011759116,-1.987495152480506
2020-05-07,-1.448751656892127,-2.6467417420086368,2.2781406031847857,-2.63483812398893,-1.703368176594009,1.2587489704131738,4.426741854862379,-2.052893486376888
2020-05-08,-1.4996214076018746,-2.652399654941196,2.2785546647620607,-2.5571704444971592,-1.6835874411132243,1.38392097453519,4.120097483968347,-2.011202071662572
2020-05-11,-1.553954485559879,-2.6381446720921176,2.259731755919592,-2.626094078003618,-1.6667039595623525,1.5043229606873436,3.845174910546084,-1.975232983147008
2020-05-12,-1.6079960953183732,-2.6222731346822656,2.2498660542479967,-2.608091618844974,-1.6474927881426846,1.6151848899846046,3.659778432336173,-2.014471993229943
2020-05-14,-1.668209970715204,-2.5933957638498084,2.233987484802565,-2.548940765699866,-1.6322692839884083,1.7342710087499833,3.5307763603387814,-2.062703202353475
2020-05-15,-1.726074954943018,-2.58215341901155,2.214348146705746,-2.4784740306293487,-1.6173853602619377,1.8440363871203904,3.3994244691279465,-2.045536175031684
2020-05-20,-1.778710653882395,-2.5378453689002547,2.1993959044657023,-2.311308520637887,-1.601192136403747,1.939107907776349,3.2715972619190583,-2.0128370080834923
2020-06-10,-1.822173690404395,-2.4476862091588245,2.166040844954502,-2.00372400579892,-1.5872885650822155,2.006984804399532,3.025106873524398,-1.9572484388892264
2020-07-08,-1.8608703622966247,-2.3571596442830947,2.0927360852364485,-1.923484490367051,-1.5751924804932145,2.0642250932409687,2.73585076144588,-2.034908942119107
2020-07-13,-1.910677103835384,-2.260975166474806,2.0864220453301425,-1.952802733345595,-1.563392773191841,2.045528793793629,2.435315741233925,-2.045536175031684
2020-07-14,-1.94085261892026,-2.16603983809299,2.087546590818562,-1.9435443201722635,-1.5510138977298824,2.1117608431113637,2.16344788797092,-2.065973123920847
2020-07-15,-1.971885393030733,-2.073014974364314,2.081894500248719,-1.8977667195991337,-1.5386306977286983,2.17261977510962,1.88406079249777,-2.053710954587349
2020-07-17,-1.998974776931532,-1.994832955714669,2.050198558348046,-1.931199900081834,-1.5279399965350928,2.216701369168136,1.5583832893388143,-2.0553458910082703
2020-07-21,-2.0213663850346646,-1.9318611592482091,2.043527101266088,-1.870505945372668,-1.5181749070373372,2.2624278053033087,1.2909799581266943,-2.072512967055592
2020-07-22,-2.0474099118777764,-1.913050436824252,2.04310235870236,-1.8720489488312169,-1.509403072969331,2.309195963250355,1.1840656040988282,-2.082322683032178
2020-07-31,-2.0737106190447143,-1.9129769698124648,2.025442266172009,-1.9229702212845408,-1.5002236312032875,2.350536174762944,1.1391850879410887,-2.130553940881239
2020-08-03,-2.0989826114567154,-1.902469421227732,2.005624408646577,-1.8792498932524704,-1.4915413215753788,2.396756062475355,1.1377752412312414,-2.108482006845625
2020-08-04,-2.1217514090836604,-1.8912270904045467,2.0039433709344423,-1.864848004409963,-1.4818866742977488,2.4303107069820844,1.0715118632315723,-2.14772101692856
2020-08-05,-2.1442973240730145,-1.8810869609691871,1.994115640696418,-1.8267858135516164,-1.4727514895448912,2.46545536445049,1.0075982148089095,-2.1248316146824853
2020-08-11,-2.1697579145171058,-1.8710937655574016,1.9754567415806987,-1.861247532199336,-1.464316254535868,2.487002715131302,0.9418048006519292,-2.030821552341274
2020-08-12,-2.202179444063212,-1.862937553771896,1.977227930782588,-1.8134124628741288,-1.456693938607518,2.5229697936380373,0.8576831999940584,-2.021011787639158
2020-11-23,-2.2324578325856907,-1.8499317063342176,1.65809330282516,-1.7810080167674671,-1.4513658794168562,2.5636520609996536,0.7615777902569382,-1.868143283261838
2020-11-24,-2.2050426893395136,-1.8164251149000212,1.66327326041035,-1.6884240812451694,-1.445956445803884,2.395111220398697,0.6880301071502507,-1.847706285647145
2020-11-25,-2.1780047388873327,-1.783653333734425,1.6680974780333024,-1.6498474250932935,-1.4414742521963866,2.235507305930267,0.6396249069905646,-1.850976207214517
2020-11-26,-2.149080817924801,-1.7529389652606149,1.6766989956484744,-1.6498474250932935,-1.4376025408329474,2.063128521398946,0.5503338385177743,-1.850976207214517
2020-11-27,-2.113950343448248,-1.7308216667033245,1.684461095730396,-1.671964723650584,-1.433116395700919,1.8990835531929504,0.4622176348334871,-1.880405452595336
2020-12-01,-2.080345792260983,-1.7093657114028464,1.705304264758207,-1.711055845095989,-1.4288104597998823,1.7569697499302133,0.4344903955699165,-1.8051974027223672
2020-12-02,-2.044255188591413,-1.688644538340822,1.6993984165155698,-1.668364251439957,-1.425578756498527,1.6266987636060373,0.4124025879639539,-1.7937527015993298
2020-12-03,-2.013839638755645,-1.6691725287203436,1.6955436912480462,-1.644703949424118,-1.4224104162907414,1.491767396626791,0.3701068281227836,-1.8166421038454048
2020-12-08,-1.9810580521779253,-1.661971556268944,1.6887178404944725,-1.638017274085374,-1.4184166998007968,1.3676919538892132,0.3127725838613249,-1.822364478769688
2020-12-09,-1.9477963993686056,-1.6601345726426644,1.6674929418406297,-1.6369885397093349,-1.4152574447557256,1.252498618626764,0.2138474807045101,-1.7994750765236132
2020-12-10,-1.91474049016431,-1.648083964539092,1.6480977823883598,-1.5654931683682882,-1.4116607020159906,1.1444877301053908,0.1830655212816816,-1.8264518685475208
2020-12-11,-1.879867189471216,-1.634931155047694,1.626708128309413,-1.5798950572107957,-1.4086601658405025,1.0389440994702113,0.1588629660200574,-1.838714037881019
2020-12-14,-1.845045325496924,-1.613842562836297,1.5500963467864115,-1.5634356996162102,-1.405704681447154,0.9358128976062452,0.140534779519167,-1.83953150609148
2021-01-21,-1.802233810935864,-1.5561612881831692,0.2137988482595564,-1.2645953288680654,-1.4047905551379187,0.8480883214938881,0.193874465572428,-1.6621386630471635
2021-02-01,-1.7613425580310222,-1.500023073048882,0.1869513665242202,-1.2517364434841067,-1.4039080530979289,0.7674913630076264,0.2953843250458119,-1.688297938135081
2021-02-25,-1.7079696158064026,-1.3674663558794424,0.0227091344688077,-0.7101202538992963,-1.4042252280140608,0.6966537569210103,0.3957192749124741,-1.327789828396636
2021-02-26,-1.6661353792814777,-1.240567551642562,-0.0503776558090573,-0.7486969100511721,-1.4028074161987685,0.6895261288373307,0.6123676315696829,-1.3752035693097069
2021-03-17,-1.6237696398061503,-1.1101417141766965,-0.1983708439063729,-0.6525123061072277,-1.4028669347780538,0.6569583770274945,0.6464392482548948,-1.2272399229206803
2021-03-18,-1.588519152859427,-1.012340723852853,-0.196431036949457,-0.895288124943892,-1.403419926743293,0.6286123729528856,0.6767511990168157,-1.1544843264046232
2021-03-25,-1.5558575852922454,-0.9266638086443688,-0.2270925279377858,-0.9636972931568218,-1.403182185237661,0.6070102036146785,0.7542934851499197,-1.2493119056818245
2021-04-12,-1.5224416321370706,-0.8739056366552013,-0.2058653990303142,-0.895288124943892,-1.3883838782224385,0.5889718326319345,0.7735615545179689,-1.199445711411842
2021-04-30,-1.4811046008763131,-0.7938131393373437,-0.2140365811685414,-0.6910889622591035,-1.3730377836593242,0.5827762890453364,0.7667472580718577,-1.235414702476346
2021-05-03,-1.441259205029159,-0.7888165416314509,-0.2207394356218374,-0.6751440699580474,-1.3503357806343148,0.5787190286550501,0.7855454084154369,-1.2550342318805785
2021-05-04,-1.3990992124290391,-0.7686097217423731,-0.2235261497600333,-0.6072491708276275,-1.3286359817558815,0.5684113955631852,0.6650024614953483,-1.2672964012140768
2021-05-17,-1.3542474204714066,-0.757881744092134,-0.2255905404398969,-0.5774164625555542,-1.308254422870184,0.5433002360693264,0.6520787695489403,-1.2280574398566708
2021-05-18,-1.3121388613199052,-0.7179824574869251,-0.2268868144640279,-0.61599311870743,-1.2908365368173162,0.5106776551445099,0.6323407363382026,-1.2264225034357497
2021-05-19,-1.2740251192863286,-0.6833736646649031,-0.2267634767255116,-0.7214357434026669,-1.2716662634322418,0.4860051181129094,0.5529186396525624,-1.192905868277098
2021-05-20,-1.2398376251596757,-0.6699269310660652,-0.2400822266587499,-0.801160989752026,-1.2519470655881273,0.4627032775830645,0.4664472645994668,-1.232962346570494
2021-06-02,-1.1938028181012508,-0.6398004108071346,-0.2898449967690203,-0.4802033204465903,-1.232413133354814,0.4399497072878545,0.3296908788341492,-1.268113918150067
2021-07-13,-1.1405498916169854,-0.5741833534340086,-0.4907225931973554,-0.2158246683461646,-1.2090728056261677,0.3948263757310889,0.069571830319939,-1.4119901747612609
2021-07-26,-1.0917890005955466,-0.5328879413335338,-0.5190761562651934,-0.3181812861243041,-1.2077407699802376,0.3490451157097279,-0.1785634091150219,-1.525619669055645
2021-08-25,-1.049971906373372,-0.5123871973370162,-0.5456009595515021,-0.4339112545799315,-1.2079080316697104,0.3075952564247627,-0.3221340913264505,-1.47166608500783
2021-09-15,-1.003937099314947,-0.4627886394274615,-0.5688495905821036,-0.2688032133405478,-1.207473646766716,0.2560570700502699,-0.4516061719847495,-1.50273026680957
2021-10-07,-0.9467750737668758,-0.3504387701772454,-0.6508657691850923,0.0650133413488464,-1.2038371770660856,0.2348935127167367,-0.5258587560372513,-1.2844634772613976
2021-11-08,-0.8863383124622704,-0.2158246122858733,-0.57489192631446,0.1411381154875786,-1.2025015779673007,0.2158134199221193,-0.5958817551419925,-1.3449569044439569
2021-11-09,-0.8222839170231857,-0.1171418496397108,-0.5725407774602397,0.2105760180765472,-1.199457846227001,0.1928953727395526,-0.6243138953513773,-1.398092971555782
2021-11-10,-0.7633216422890663,-0.0719520412211695,-0.5706334993250288,0.1005039905836247,-1.1955104567803818,0.1731573410227553,-0.5376075607860468,-1.2934557737530532
2021-11-11,-0.7047536993815104,-0.0104498092316169,-0.5687076020362749,0.1123343378025639,-1.1888605107510708,0.1586279601956631,-0.4459666955089225,-1.2934557737530532
2021-11-15,-0.6478145499306626,0.0615599713426677,-0.543053215171801,0.0701572094400613,-1.1799417312579612,0.1413571811362675,-0.3996763102322263,-1.2419545456110903
2021-11-16,-0.5902581794752932,0.1127750838129951,-0.5376060357707275,0.0897025739517442,-1.171678847684827,0.1209612157260826,-0.365134752113435,-1.232962346570494
2021-11-17,-0.5387712044908405,0.100504046643916,-0.5292821930013842,-0.0208839188347075,-1.1641754886344486,0.1005104264297097,-0.3928619913770058,-1.25748668523749
2021-11-22,-0.48779859015404,0.0730962262732932,-0.5350386484987281,-0.0507166271067809,-1.1570357884323097,0.0935472856909711,-0.3651347521134351,-1.240319609190169
2021-11-23,-0.432899727910316,0.0549468190760022,-0.532069784703905,0.0835301676955099,-1.1505195058226982,0.0859810456026174,-0.3176694796391265,-1.2059854570955268
2021-11-24,-0.3880650782554334,0.052081129103829,-0.5375005879817187,0.0804441607784125,-1.1428751528210337,0.0581284931052474,-0.2991063112168916,-1.2239700500788382
2021-11-26,-0.3599984130483153,-0.022500417335189,-0.5580453677074987,-0.409736487270563,-1.135789498320525,0.0443118698577309,-0.1945417764024688,-1.357219073777455
2021-11-29,-0.3487511657375799,-0.0857661379090886,-0.6101888674049993,-0.3727028345772359,-1.1284907663081252,0.0330173336113885,-0.068594357337007,-1.3179801124200494
2021-12-01,-0.3440533768591781,-0.1854041118592118,-0.624041377087332,-0.6077632436991176,-1.1208154791419167,-0.0146280692601746,0.0312706959142945,-1.3964580351348608
2021-12-03,-0.340830087631997,-0.2618226419245097,-0.6354679750224974,-0.5558136292917931,-1.1117332220068894,-0.0240036283125422,0.1128075850738149,-1.4708485680718395
2021-12-13,-0.3217817910367675,-0.3008401562073994,-0.701991576878861,-0.323839227087009,-1.0997162069136253,-0.0432482084521007,0.090484795546508,-1.4046328146905265
2021-12-17,-0.3019448242480441,-0.3654285072346322,-0.7326016835235243,-0.3685882894951191,-1.0846754663225175,-0.0781187308031896,0.0510087291250323,-1.4226174076738374
2021-12-20,-0.2878171991688073,-0.4442718691410894,-0.7340195896986901,-0.4714593725667879,-1.0697541862461597,-0.1002143621762199,0.0949493175973942,-1.4087202044683589
2021-12-21,-0.2762784869287452,-0.4350134559677576,-0.735288032185575,-0.3449275950572407,-1.0603267323424452,-0.1303148560998623,0.0183470039678864,-1.3531316839996224
2021-12-30,-0.2561157509840924,-0.3918076212593616,-0.7581979518095728,-0.0702619916184638,-1.052753105395536,-0.1693522970711983,-0.0817530087956499,-1.3302422817535475
2021-12-31,-0.2408565377123146,-0.326337553970101,-0.75791377348025,-0.1494727726742935,-1.0452995837786547,-0.2065804190785204,-0.1576504662975623,-1.332694735110459
2022-01-05,-0.2214138962097872,-0.2460980665683779,-0.7819363412145661,0.0058627825202683,-1.0390388686140215,-0.2196294556314807,-0.1863176332465104,-1.1749212752937863
2022-01-07,-0.199056579252523,-0.1920172641258773,-0.7956495513358074,0.0547263900104953,-1.0312615139767591,-0.2286212213365703,-0.1621150331666674,-1.1209676912459714
2022-01-12,-0.1681781185686394,-0.1100877831817399,-0.8074022418886289,0.2049180771138423,-1.0253148408215689,-0.2403543800451711,-0.1423769999559296,-1.1585717161824558
2022-01-20,-0.128281289272867,0.013798397059393,-0.8181448173337627,0.3957438891211432,-1.018110404559235,-0.2487430359430612,-0.1701041944012813,-1.0702840774910578
2022-01-21,-0.0999231591364222,0.1160081368742496,-0.8221043704639707,0.3705405836467553,-1.0102409601189115,-0.2395319537780502,-0.1383823969295129,-1.140587220650204
2022-01-24,-0.0831551746886577,0.1670762592607114,-0.8259404450467238,0.2872148650867694,-1.0025610065263455,-0.1835527084372007,0.0087129244656433,-1.1503969366267903
2022-01-25,-0.0596662826195872,0.2436417233495836,-0.8302841400307418,0.3864854759478114,-0.9944767198165272,-0.1347010807224464,0.129490898125295,-1.1111579752693843
2022-01-27,-0.0303651754034262,0.3063930346902452,-0.8736471259037027,0.4451219619048995,-0.9968563257576392,-0.093196392322501,0.2197218942834626,-1.0915384458651518
2022-01-28,-0.005384647920752,0.3672339234229856,-0.8786428770670957,0.4806126111396778,-1.000082896567034,-0.0549813671607014,0.2925646316261171,-1.1119754922053748
2022-02-03,0.010320343706942,0.4145546395752464,-0.9104987823000414,0.5361630901796685,-1.00307234504218,-0.0385330091396345,0.3390899764150482,-1.0751888867538215
2022-02-04,0.027191195051943,0.450486034820456,-0.9072105412122468,0.6472636558376103,-1.005935036408635,-0.024497079889781,0.3651723422292085,-0.990988637840256
2022-02-07,0.040753039115644,0.4857561428691446,-0.9224208603025726,0.6174313399875755,-1.011651748072932,-0.0001535070904783,0.4015937333096451,-1.002433290237764
2022-02-08,0.0547092150059083,0.5188953431841139,-0.9215371660831873,0.5191892672915537,-1.013747329852697,0.018323486354524,0.3275761311784877,-0.9713691084360236
2022-02-11,0.074546188334999,0.5647464948594673,-0.9147773394473716,0.7074435376752857,-1.0144403705264775,0.0310983773325826,0.2646024104412022,-0.9705515915000336
2022-02-14,0.0992866843369648,0.6172107988014864,-0.916609957853606,0.8123720894990333,-1.0162841689088198,0.0722740962714381,0.3094829265989416,-0.9370349563413816
2022-02-16,0.120512413101688,0.6523339167663097,-0.926419473834014,0.7264744368934407,-1.018456042517323,0.1018263147316536,0.3068981702823725,-0.8953436390781236
2022-02-17,0.142269651357181,0.6660010794306547,-0.9249987506723742,0.6318332288300835,-1.0207647018089796,0.1403703041257508,0.3738664940460747,-0.956654485745614
2022-02-18,0.1659985879876946,0.6679850531408,-0.9328861119951548,0.6611514718086275,-1.0217922488928826,0.1658652569668878,0.4507038344151455,-0.9893536039682752
2022-02-21,0.1852526314581319,0.6742307862580931,-0.9434048259733616,0.6611514718086275,-1.0254122418662657,0.1926212480798196,0.508508042519293,-0.9893536039682752
2022-02-22,0.2102674435463067,0.7187592514198223,-0.9449162881938892,0.8308885234236575,-1.0274344334860457,0.2450366793788292,0.6725216588872739,-0.9762740151498466
2022-02-23,0.2516216105694474,0.7363942493838753,-0.9479907322939266,0.8308885234236575,-1.029351638997196,0.265542308247767,0.81021792751975,-0.9525670959677812
2022-02-24,0.2955818523556151,0.7554988678851269,-0.9465084187832044,0.9461044190077942,-1.0323920278793417,0.3266753701345489,1.0216968163620392,-0.9591069391025256
2022-02-25,0.3454057427374916,0.7784244437228036,-0.953433040174961,0.8869534677571774,-1.0326177811021018,0.3666448746877978,1.1662073814406264,-0.9452098333481064
2022-02-28,0.3987444003566106,0.8373548537873313,-0.9633979629323566,1.0443460992817777,-1.0327445551796153,0.4221306632226164,1.3203519812032385,-1.0653791707772344
2022-03-02,0.464821927619334,0.9798312993567692,-0.9671163628984476,1.6584865907946935,-1.0313151015201654,0.4915427332349121,1.486245408123755,-1.0441247049520812
2022-03-03,0.5281562286162933,1.1041583377289164,-0.9741931744315876,1.531440740413656,-1.030912533160517,0.5563492621647023,1.6098430752031014,-1.0612917809994022
2022-03-04,0.608035631423426,1.260448936046565,-0.9771404801056088,1.9249227116471967,-1.0302081403440708,0.6056395071129229,1.640390007886367,-1.159389233118446
2022-03-07,0.692441347758519,1.454213989128263,-0.9920615413819972,2.187243894995545,-1.0274424258017345,0.6702815486977721,1.7529437487536226,-1.137317250357302
2022-03-08,0.7758698024083949,1.6665693075382662,-0.999298436164192,2.4325916478778167,-1.0227921877015729,0.7361846390120005,1.6732867149648567,-1.0384023787533272
2022-03-09,0.8330661256427015,1.763635515623656,-0.9945786258129212,1.566416924354905,-1.0180225230243076,0.7978659815910016,1.6904399918590258,-0.9762740151498466
2022-03-10,0.8819813235503625,1.8249173185477012,-0.9890248790170514,1.4733187197500968,-1.015476096583123,0.8436472468411548,1.62018201083294,-0.9247728844589428
2022-03-11,0.9349942185539196,1.8230068398794887,-0.9939491271705476,1.6451132401172062,-1.0123789809252948,0.8861388383955777,1.5290111318076138,-0.9304952106576968
2022-03-14,0.973107960587496,1.796848210980558,-0.9966523030288704,1.3483303381211382,-1.0092124797497373,0.9327425194552674,1.4707369598607778,-0.8193179748181052
2022-03-15,0.9928763647055856,1.663115825411505,-0.9985678097966552,0.9887960126638268,-1.006454333302511,0.9817586188285862,1.441834855808704,-0.8029684157067745
2022-03-16,1.010244427855121,1.4780213372882591,-0.9985678097966552,0.8915824781328237,-1.0038612086601069,1.010433597593077,1.3194120983360793,-0.7800791109117587
2022-03-17,1.045169165267017,1.321216385797664,-1.001688004593592,1.3349569874436504,-1.0013608356048644,1.0092273884362626,1.1788961362839083,-0.7768092380699163
2022-03-21,1.092181260172128,1.3541351570471265,-1.0094083920187047,1.7968483231011412,-0.9973929647887422,1.027101272074065,1.1119278573384253,-0.6762592351429016
2022-03-23,1.1474916161662678,1.4442942887584107,-1.0105064771392769,2.104432641729088,-0.9932627532418512,1.0472779262531209,1.092424806049032,-0.6713543284290787
2022-03-24,1.1972126396509075,1.491027156695792,-1.0109569205515194,1.972243315678876,-0.987498681592232,1.0649873225459827,1.0590581351278532,-0.655004769317748
2022-03-25,1.2478595044528809,1.5920612561411809,-1.0092882052824128,2.0555690342388613,-0.9818413608088474,1.0883988213057882,1.006188412917281,-0.5315654615957177
2022-03-28,1.280795407727373,1.6844247906281178,-1.0202543194295304,1.6353407540723837,-0.9768821883150018,1.108739962829785,0.9093781022343465,-0.5438277283802746
2022-03-29,1.3108680559150123,1.7741431202686797,-1.0203190592006806,1.5196107856167562,-0.9724141105310106,1.113455151684667,0.8431146794164585,-0.6067735114686863
2022-04-04,1.33958623327252,1.7806827774934122,-1.024042221468414,1.3807345880167798,-0.967210077919574,1.103750617942417,0.7326756862048646,-0.5969638929431593
2022-04-05,1.360503348264799,1.7146983009709136,-1.037853883916775,1.3349569874436504,-0.9631723803963216,1.1027088856729592,0.5886350401507471,-0.4792469114198829
2022-04-06,1.368372979841029,1.563845214550463,-1.040936257776116,1.0484610367859344,-0.9599903018411416,1.0809970581047912,0.4539934916775287,-0.4359205602846449
2022-04-12,1.385226695423647,1.458108441506621,-1.0364110982004238,1.2320859043719816,-0.9552960466138124,1.0676738864345134,0.318412015518933,-0.3410930784585023
2022-04-13,1.4123332216271969,1.3708884387491511,-1.0389233890585283,1.4450290149365728,-0.9503700142315158,1.0445365332496095,0.185885259519595,-0.3721571628091834
2022-04-19,1.4358392625393848,1.33245871662085,-1.0342106793235877,1.3663326991742726,-0.9446906848845475,1.031377848924273,0.1191519176772374,-0.1874069109686034
2022-04-22,1.4583165952370034,1.3061530976380529,-1.035362930146829,1.3354714527371796,-0.9390253548166516,1.006431176775355,0.0498338643365294,-0.1931294320694758
2022-04-25,1.4677121599130722,1.2678703655936168,-1.0467632582971718,1.1127554637057273,-0.9311238732382816,0.9768241344289518,0.1285510152581365,-0.2585276685147986
2022-04-26,1.481685484646454,1.255746262448112,-1.0464385922881605,1.250088265425115,-0.923069824971259,0.9474912271998654,0.144999391206491,-0.3026714391349683
2022-04-27,1.492384073623302,1.2869749840948683,-1.046243226883171,1.2670620883132304,-0.91329675007828,0.885151956156269,0.1823606651540862,-0.2650674141984838
2022-04-29,1.511946717785449,1.321510253844812,-1.0431328093884036,1.4738327926215875,-0.9056499535660862,0.845017964258079,0.2119677149701929,-0.2086613767937571
2022-05-02,1.523245398544803,1.3126927548627856,-1.0447926155433065,1.3833065220623866,-0.8967367228781361,0.799565673697808,0.2704768688383734,-0.1195562211663688
2022-05-04,1.518461891612282,1.3339282810977569,-1.0397588212814195,1.5149813828190708,-0.8874582891790429,0.7592671944546772,0.3200568889683435,-0.1841370381267609
2022-05-05,1.5192162837406429,1.3651570027445137,-1.039812042237671,1.554072504264476,-0.8799940772035977,0.7161176744356588,0.365642350890116,-0.0623327642767111
2022-05-11,1.501042395014128,1.4032928007653755,-1.0654825968721526,1.3797060498517613,-0.8743405404677684,0.6878264994760303,0.4018287152309895,-0.1808671652849185
2022-05-13,1.4810511213391824,1.4514952892399555,-1.0773488058210563,1.5875056847471751,-0.8669163579460583,0.6558070283584133,0.5028686108616846,-0.1694225128874106
2022-05-17,1.453533101385217,1.5000651408036167,-1.0747957216189026,1.607051049258859,-0.8586634859785633,0.6237327281258159,0.5529185948343436,-0.142445720863503
2022-05-18,1.45005263183421,1.4983751472612024,-1.0756319559715115,1.4620028378246877,-0.8508013890386501,0.5953867240512071,0.6205918195438598,-0.2094789911808066
2022-05-19,1.4546989741832588,1.5311469284267991,-1.0754906627595846,1.612708990221564,-0.8407013588618356,0.5897942798142242,0.7211617513318662,-0.2348207493327337
2022-05-20,1.4544932403887856,1.548855477493076,-1.076113603384018,1.63894122628301,-0.8314680792010593,0.5774580112984239,0.7498289182808145,-0.2904093672525294
2022-05-23,1.4656718923270506,1.5673722477794487,-1.074857888703541,1.683689896269082,-0.8210364273140522,0.5649572554376827,0.8229065927265946,-0.2315508764908916
2022-05-24,1.489075053261267,1.6118272178992448,-1.0741190747629077,1.6908908406903358,-0.8114639578479727,0.5589810178534216,0.8896399345689525,-0.3124812525626141
2022-05-25,1.5165244909234967,1.6300500640781774,-1.0728305293022269,1.715065607999703,-0.8011800025973834,0.5653410487849607,0.9317007573069972,-0.3214734516032105
2022-05-26,1.534972708816955,1.670243274790826,-1.0692745882054642,1.8884035242473995,-0.7946063483968107,0.5659441481345758,0.9312307934643084,-0.3157511254044566
2022-05-27,1.5415050184061707,1.7460739566412449,-1.0679673007778243,1.992817610777617,-0.7875306885331185,0.5487281929613683,0.9119627240962592,-0.3263783583170335
2022-05-31,1.5436310171270464,1.825431615660357,-1.0649985295446815,2.168212603355352,-0.7800217806775805,0.5253166942015628,0.8160922962804836,-0.2438129483733305
2022-06-01,1.538933241329379,1.8529128750126216,-1.0648863759501583,1.83131004174886,-0.7712404486517259,0.5084297137182374,0.7632225740699112,-0.1726923857292531
2022-06-02,1.5337211048840595,1.883700738528364,-1.0629159306407003,1.89920494087928,-0.7649592690864127,0.491378245889971,0.6908498005699454,-0.1874069109686034
2022-06-03,1.546134211912102,1.9289640419888376,-1.059395248654844,2.007733964913654,-0.7579100975556076,0.476958512835255,0.5578530807279185,-0.1514379199040994
2022-06-06,1.5620449373342695,1.9692307477434197,-1.0541561040556873,1.996932548281774,-0.7495124306204477,0.4709274565935981,0.4384849985963329,-0.0852220690717268
2022-06-07,1.5844022542915337,1.9925236866701772,-1.0508872685141832,2.051454096734705,-0.7414027755200678,0.4847440798411145,0.3846753935186019,-0.1391758480216605
2022-06-08,1.613446194264603,2.02301762607848,-1.054702175227065,2.206275186635737,-0.7341394065350457,0.4921458430421115,0.3461392547825038,-0.0925794291424612
2022-06-09,1.6511655913908816,2.024707675681186,-1.055421429273616,2.180042950574291,-0.7266122571946562,0.4928037715067069,0.314652394413861,-0.0803173572600223
2022-06-10,1.6809467746491942,2.066737870020114,-1.0402843119777538,2.12552140212136,-0.7190866520171704,0.500589328054982,0.2848103626764098,0.0112402517242773
2022-06-13,1.704075619497202,2.1009792156626186,-1.0167657805757797,2.138894360376808,-0.7108150973754228,0.5257004875488408,0.3329805809147514,0.182910817295369
2022-06-15,1.7233810964162577,2.092088221638659,-1.0036111670411971,1.94549700674594,-0.7026238222358459,0.5387495136442169,0.3839704925727878,0.2066177364774341
2022-06-16,1.745944147167995,2.09429256835402,-0.9898937576391308,2.012362975289301,-0.6949051797265711,0.563531708905778,0.446709231388729,0.1346795594463076
2022-06-17,1.7644609473531894,2.039550478714999,-0.9791881140166254,1.668259469261555,-0.6870524156393726,0.5717558879163114,0.5014587641518375,0.0790911364286304
2022-06-20,1.7783999874810703,1.9626910905186872,-0.9582899054213267,1.668259469261555,-0.6793666756781235,0.5894104550941929,0.561847728572554,0.0790911364286304
2022-06-21,1.7943964440380915,1.9008214954400533,-0.9554396052377284,1.7469557850238548,-0.6728001314144371,0.5923163249850608,0.608843037204174,0.1346795594463076
2022-06-22,1.7985112899771047,1.825358176678716,-0.9555861144672376,1.5972781707919972,-0.6659408919207902,0.6026239580769256,0.6492589864928082,0.0112402517242773
2022-06-23,1.802746151656473,1.735566464116804,-0.9560464064489432,1.5103523724434238,-0.6588022946921538,0.6059136213150715,0.6142474421222189,-0.0606977304047306
2022-06-27,1.811233010777592,1.7104364855034748,-0.9587633919393572,1.769587156452635,-0.6531478755775225,0.6011436033452093,0.5874601305440257,0.0423045309770769
2022-06-28,1.823371801719425,1.6969898079649277,-0.95813806024984,1.9182362325194728,-0.6480910814442797,0.6075036342767484,0.5540934596228467,0.0521143444047228
2022-06-29,1.8383738346673768,1.720062317826179,-0.9489030038103372,1.829767038290312,-0.6412692072991385,0.6025691289619454,0.5338854625694202,-0.0402608789666264
2022-06-30,1.8439631540961416,1.7324802890188322,-0.9489691526844464,1.7551852676101287,-0.6342862990226087,0.5935225341418754,0.5204918067803236,-0.1391758480216605
2022-07-05,1.8282581624684475,1.6451867912194296,-0.947502052949364,1.1359013004280372,-0.6245685933994631,0.5828311077027324,0.512267663624365,-0.2724247742692182
2022-07-06,1.8138219236167663,1.5639921485740371,-0.948588848857604,1.0289156722742507,-0.6135875758640148,0.5717010588013312,0.4880651083627408,-0.1874069109686034
2022-07-07,1.801151636264898,1.524313291034335,-0.9503511598343534,1.232600369665511,-0.6035589335260573,0.542313332914849,0.448589086759484,-0.1097466026408414
2022-07-08,1.7916703404539756,1.465015461820435,-0.9532446947098776,1.3545023519553332,-0.5928779417521561,0.5165442344988104,0.3872601946533901,-0.033720938380823
2022-07-12,1.7677871034776067,1.3291521124573713,-0.9580359984246574,0.9671927869780258,-0.5802837660781838,0.4899527202732352,0.3191169612829662,-0.1506205004191684
2022-07-13,1.7438009996040018,1.2065150676276384,-0.959250316182914,0.9713077244821828,-0.569102584305237,0.4509152897594835,0.2396949094155449,-0.1947642710393378
2022-07-14,1.718203244576439,1.0910790232794507,-0.9601085728546582,0.9471329571728144,-0.5571916582941059,0.4128647519426251,0.1574531193102102,-0.1489854665471879
2022-07-26,1.6959145099109108,1.1030561924013815,-0.9667788328278952,1.2197414842815524,-0.5453830373175526,0.3879180797937073,0.0958892452827719,-0.2904093672525294
2022-08-02,1.663527264970306,1.1019539910135554,-0.969055178643036,1.0212002625594685,-0.5357949904718506,0.3717438673475421,0.0550033321514489,-0.328013392189014
2022-08-03,1.6188469287420126,1.0441257262765624,-0.967231759631801,0.82780251650656,-0.5275445450460616,0.3606138184461408,0.0373800914145914,-0.32229106599026
2022-08-04,1.5808360666864074,0.949337416008758,-0.9663124990007884,0.6909841800807017,-0.5188503818645632,0.3518961878583686,0.057588088468018,-0.3811493618497797
2022-08-05,1.5419336479189696,0.9157573575627752,-0.9711642229737631,0.7321323778561456,-0.5092143132494378,0.3442202895400542,0.066282240284884,-0.247083016117291
2022-08-10,1.503665605539538,0.8998123531411364,-0.9835310628625068,0.8596926935307115,-0.4982393026773733,0.3420820063437426,0.0914247232318856,-0.2912267867374605
2022-08-11,1.4695295448615031,0.903486320393696,-0.9833754775605374,0.9728507279407316,-0.4883294251324178,0.3319936792542147,0.0918946870745742,-0.2078439573088261
2022-08-19,1.428638291956662,0.8470541811519688,-0.9713070762673812,0.8247165095894625,-0.4769676441750274,0.3202605205456139,0.0947144253124877,-0.1252785473651227
2022-08-23,1.3885871492343005,0.8447028443527422,-0.9581026642914698,1.004740904964883,-0.4673028812800097,0.3159291145804258,0.1069331714948625,-0.0721425777043569
2022-08-24,1.3511249324318475,0.8773276914947647,-0.9582188241654376,1.0561764465007173,-0.4572642443052357,0.3120363415350805,0.1064632076521738,-0.0296336460540495
2022-08-26,1.3150857556705282,0.927807965666347,-0.9599925674132695,1.0443460992817777,-0.4467927835591941,0.3045797492191031,0.0820256256509862,-0.0876745224286382
2022-08-29,1.2856303350277778,1.0025364461289392,-0.9631134407718652,1.2552317410942913,-0.4358564788726614,0.2905986386266456,0.1031735055715714,-0.0263637732122071
2022-09-01,1.240795685372895,0.9655028494959036,-0.9617314289902836,0.6004575170994614,-0.4258794556946285,0.2780978932234887,0.109752864914557,0.1003456022537841
2022-09-02,1.1948637452117068,0.9171534269977492,-0.9627708306310392,0.6344047704536517,-0.4146822723214814,0.2598950348958037,0.1377150412812533,0.0414871114921459
2022-09-07,1.151795047056637,0.8530794291434631,-0.9627708306310392,0.3761985246094603,-0.4027206264980511,0.241308393678425,0.1630925061495993,0.1003456022537841
2022-09-08,1.1106980472765875,0.7717377964142054,-0.9667397797530446,0.4353494758600777,-0.3915403271039063,0.2188289689581166,0.1457042473340862,0.1224174875638688
2022-09-09,1.0733043996851366,0.7101620693827201,-0.9692212661618956,0.6251463572803199,-0.3802566197016813,0.2000778403957969,0.1290208894643874,0.146124406745934
2022-09-16,1.0383453776677398,0.6393279852381942,-0.9723910145139654,0.5485075102700977,-0.3703796786423977,0.1919633196152242,0.1666171453333271,0.2499440876126726
2022-09-20,1.0050322914098018,0.5330034200397643,-0.9743481087521448,0.5109597847052813,-0.360060801553832,0.1805591251389211,0.1426495271748284,0.3504940905396872
2022-09-21,0.9617235748547583,0.5144131547114593,-0.9703841705239484,0.4703256598013267,-0.3512498759004596,0.1713480429739101,0.129960772331546,0.3006277988186454
2022-09-22,0.9145400307606748,0.4956024603176474,-0.9693787018634435,0.5027299096969682,-0.3414198536370968,0.1569283099191941,0.1128074954373772,0.4624885509620912
2022-09-23,0.8629158911927503,0.4820087926952351,-0.9660162574708472,0.2810428512525745,-0.3299199464595269,0.1497458631781185,0.1414746175681066,0.4534963519214948
2022-09-26,0.81019446111852,0.4446077769128269,-0.9655257589877032,0.1735423653832201,-0.3191622386363099,0.1500199982954359,0.2255962182259774,0.6014599983105212
2022-09-27,0.781904913273811,0.3963318494566054,-0.9625304973574412,0.2872148650867694,-0.3090757835179897,0.1542965646880593,0.3160621963054894,0.6717631414696676
2022-09-28,0.7624108383226653,0.38141555138086,-0.9615420150898638,0.4440934237398801,-0.2983774496068621,0.1643300626626067,0.3696368642800948,0.46003609760518
2022-09-29,0.7347042203366099,0.3657644150063696,-0.9674369272222192,0.4014018300838481,-0.2866033092788842,0.1758439049112861,0.4283810000696196,0.4943702496998217
2022-09-30,0.702025510466678,0.3520237573000918,-0.9697174912971372,0.3741410558573822,-0.2751038602595385,0.1844518772690976,0.443419484489908,0.5409664736769025
2022-10-03,0.6838001882915453,0.3402670733039593,-0.9724738928129694,0.420433121724041,-0.2645000596620006,0.1999133425932714,0.5033385298861546,0.4158923269850106
2022-10-06,0.6749704177117467,0.401034466994767,-0.9763659880708584,0.7064146070882285,-0.2530263862849709,0.2042995672158555,0.4734964981487035,0.5589510666602142
2022-10-07,0.672947285888108,0.5028768437205426,-0.9807400967237658,0.8864390024636488,-0.2394967363613331,0.2068764728744256,0.4011237246487376,0.6055472906372947
2022-10-10,0.6588710942574895,0.5757683966171464,-1.0040377908086346,0.7974557353629959,-0.2243545900832728,0.2148265167676417,0.3553033256238395,0.6096347778661866
2022-10-11,0.648155356437524,0.6122876400772354,-1.021097000756254,0.6997281279605034,-0.209954863754266,0.2255727723217649,0.3174720878335555,0.6513260951294446
2022-10-12,0.6407314901364756,0.6413854539902726,-1.0342848057592664,0.6050865274751084,-0.1962274761348356,0.2350579896040933,0.291154740098051,0.6210794302636948
2022-10-13,0.6415030180272192,0.6899553055539337,-1.0407216924687808,0.7141300168030107,-0.1836664405724124,0.2407052629560566,0.298674027126414,0.6619533280420218
2022-10-14,0.6358622520691011,0.7103090594665857,-1.049924467149188,0.5629093991126043,-0.1706138691107337,0.2370866250280287,0.2255963078624152,0.7093673613082703
2022-10-17,0.6259523398261145,0.6897348764884267,-1.0546031227426549,0.5623953262411157,-0.1569703414151518,0.2306717649815092,0.20444842794183,0.7134544587329252
2022-10-18,0.6095444025994129,0.6317596777278595,-1.0537733805138212,0.4806126111396778,-0.1432683221862826,0.2256824305517257,0.1724916485487173,0.6995573529785059
2022-10-19,0.6021548339845997,0.6039844942681556,-1.0598338666112157,0.6030294511450689,-0.1292749312956564,0.2212961954715572,0.1224416197578397,0.805012067717225
2022-10-20,0.5887130056612528,0.589949912454438,-1.0704332314272031,0.6014860552644801,-0.1125516300794724,0.2113175266119901,0.0458392613101131,0.8859424437889478
2022-10-21,0.575476924213114,0.5976652661089296,-1.0796828494609108,0.6590940030565495,-0.0961486153996383,0.2050123247954313,-0.0223039272420919,0.875315210876371
2022-10-27,0.5685674185597178,0.6152268250913411,-1.0954110893611742,0.8370609296798918,-0.0823309366723977,0.1961302173203024,-0.1090102842165317,0.6496912561595826
2022-10-28,0.5525881108458146,0.6456472694577114,-1.096428869653732,0.7758525096771963,-0.0683351192400656,0.1747473539844323,-0.1639947989009846,0.7093673613082703
2022-10-31,0.5568229725251825,0.669234132491909,-1.1020697870654186,0.7275033674804979,-0.0550814841932632,0.1524324113802727,-0.2255586505193134,0.7641383648410165
2022-11-03,0.5596519299258004,0.7033285441108388,-1.0998489664974804,0.7192734924721871,-0.0403950695976797,0.1326395557772874,-0.2610401363234821,0.802559809262432
2022-11-07,0.5766599458542733,0.7438156228706359,-1.0951278043175972,0.8864390024636488,-0.0281367408708563,0.1119146209060126,-0.3056856705598773,0.876133020165539
2022-11-09,0.5826607590334539,0.7457995965807813,-1.0970508457929262,0.6153738712354981,-0.017288741939829,0.0988107656956563,-0.336467585164487,0.8246316945725167
2022-11-10,0.5840838121553218,0.7470487319921819,-1.099988953380302,0.6678379509363527,-0.0071695709305377,0.0870227778720752,-0.3766485973499957,0.5614035200171257
2022-11-11,0.5920391748664053,0.7399212265525694,-1.1034349860909196,0.7871683916026054,0.0014910109500103,0.0573609064106912,-0.4281084728507207,0.5483238337476369
2022-11-17,0.59059897290142,0.6959071145637871,-1.1106116375125132,0.4677537257557192,0.0125498644771003,0.0358683900736526,-0.4525460324427986,0.5172597493969563
2022-11-21,0.5865184115679068,0.641679322037421,-1.1054545311098207,0.3479088197959356,0.0237875354622066,0.0110313709259033,-0.4760436867586086,0.5581336471752828
2022-11-22,0.5829179262765455,0.595313873249412,-1.100955954677861,0.3947153509561238,0.0365231632456896,-0.0162729008792475,-0.5253887473763438,0.5033624487404181
2022-11-23,0.5816491865812672,0.5033912529537804,-1.099674742861725,0.242980660394228,0.0464063318630575,-0.0521851502710021,-0.5618101160476711,0.4608537119922292
2022-11-24,0.5839637964149674,0.450192222833599,-1.0999766140948684,0.242980660394228,0.0557234544788593,-0.098295379753453,-0.6191444051273484,0.4608537119922292
2022-11-25,0.5794374698062728,0.3764189536749671,-1.0983031327123265,0.1514250668259298,0.0642863977511871,-0.1434735351964068,-0.6717791454165765,0.4485914452076718
2022-12-06,0.5623437227429463,0.254149327994607,-1.0776788161957636,-0.0687189881599151,0.0743541871640776,-0.1876647927136752,-0.6804732748243331,0.3030802521755568
2022-12-07,0.5429353789266541,0.1614918694002306,-1.0833606849859334,-0.1808484844049157,0.0844789069785285,-0.2272505039196459,-0.6992714027588028,0.2172449693900106
2022-12-08,0.5226869249278825,0.0784602431285585,-1.088618604633049,-0.2333125641057694,0.0952268407596297,-0.263272406312569,-0.7321681322464023,0.2850956591922456
2022-12-12,0.504050109002334,0.0022621421287675,-1.0999636230017655,-0.138671356042413,0.1054458732929698,-0.3074088399436493,-0.744386923246996,0.3831932087623483
2022-12-15,0.4814013271157431,-0.0285992164289079,-1.0852636160745055,0.0269511504905,0.1165247500313389,-0.3380576145595108,-0.7516712059449053,0.251579121484653
2022-12-23,0.4573980743990203,-0.0395476792049452,-1.067977253371639,0.1663414209619665,0.1285264253085044,-0.352586995386603,-0.6886974852076195,0.4976401225416642
2022-12-30,0.4397728309256586,-0.0227943414426287,-1.0771634547914737,0.2686984311621452,0.1403984248394031,-0.3786302341487512,-0.6525110984576367,0.6022774177954522
2023-01-02,0.4254051743657133,0.0254081470319512,-1.0840504064553185,0.2686984311621452,0.1517851160291305,-0.4104303940352391,-0.637237632116004,0.6022774177954522
2023-01-04,0.4003560645913032,0.0303312496959112,-1.0796332066918,-0.146386765757196,0.1634947578604373,-0.4377346710691822,-0.6109202619713902,0.4633061653491406
2023-01-06,0.3729237757721915,0.0481132377438297,-1.079125288634648,-0.1088386477703396,0.1747182089717707,-0.4665741319498219,-0.5726190827475267,0.3488590566677067
2023-01-10,0.3531553847348367,0.0636173840344545,-1.0812513447244798,-0.0301423320080393,0.1849403467997414,-0.4816517934691333,-0.5211592072468018,0.3913679883180141
2023-01-12,0.3401421859242886,0.084338557096479,-1.075388551847768,0.1719993619246714,0.1944403084846384,-0.4988677434135485,-0.4847378385754745,0.2507615070976036
2023-01-16,0.3298550776171217,0.0851468343768654,-1.0726500488630937,0.1719993619246714,0.2024111755807372,-0.5121909150838263,-0.5115251501536678,0.2507615070976036
2023-01-25,0.3190707575054202,0.0866898938957055,-1.0540687859393982,0.2794998477940257,0.2108204152532633,-0.527707199065396,-0.5164596584563522,0.2613887400101808
2023-01-27,0.309263725240405,0.0922008447745449,-1.0542430221849497,0.3072750873140211,0.2192154180831935,-0.5272137474881573,-0.454660824916679,0.3071675445023303
2023-02-01,0.2909869565359191,0.1289405173001409,-1.0617098824819102,0.1107909419219759,0.2282100651844632,-0.5299551404916685,-0.4175345104813187,0.2082527703494146
2023-02-02,0.2656292329890647,0.1553930703065118,-1.0605122496684205,0.0763292232742563,0.2368655055116065,-0.534725168919115,-0.4010861569420735,0.2074351559623651
2023-02-06,0.2402886582853277,0.1619327275312445,-1.0654195154578472,0.0156352685650901,0.2458697060602916,-0.5414689984267244,-0.4203542487192321,0.401995221230591
2023-02-07,0.2211889282414801,0.1594344567084438,-1.0652415850802972,0.1545114661650666,0.2564777318947859,-0.550625251476755,-0.4473765422187697,0.4346943394532522
2023-02-08,0.2047638421716606,0.167223249344577,-1.0673215809981265,0.2265209103776033,0.2672463337024446,-0.5634549663410018,-0.4807432131399486,0.4175273608569907
2023-02-17,0.1791832359872153,0.1442976735069002,-1.0790608747194397,0.1190208169302882,0.277738920633268,-0.5771619313585575,-0.5176345232448553,0.5605861005321943
2023-02-20,0.1626381341770416,0.117404206309224,-1.077495121190179,0.1190208169302882,0.288407219727477,-0.5910882076072426,-0.6102152713891381,0.5605861005321943
2023-02-21,0.1444299608450263,0.1189473218883554,-1.073584295752228,0.1215927509758957,0.2990019080670006,-0.5996413508500738,-0.6753037846003042,0.6644057813989332
2023-02-22,0.1180435290836021,0.1074110669577299,-1.0688269817034062,-0.0044245612401221,0.3095138394561784,-0.5931716616885739,-0.6785934418626877,0.6382466037620744
2023-02-27,0.1054761086289702,0.118139044607969,-1.0641412431877433,0.0907311121167636,0.3200226655507255,-0.5986544476955962,-0.6976265293093924,0.6374289893750252
2023-03-17,0.0806498945728856,0.0393691777434446,-1.0197963971920143,-0.3968776018866044,0.3297432728426243,-0.5988189298117451,-0.6825880224799945,0.2066177364774341
2023-03-20,0.0556693670902114,-0.0436624485282275,-1.009977035749981,-0.3547004735241018,0.3388442126519043,-0.5869212837582033,-0.6259586791643502,0.2769208796365802
2023-03-21,0.0383698731516771,-0.1000945877699546,-1.008658405197305,-0.2760041577618015,0.3465306143972551,-0.5812191865200518,-0.5791983524540747,0.3791057215334568
2023-03-22,0.0234192736523437,-0.1464600365579635,-1.0099848927196546,-0.2055373245857741,0.3549349670487232,-0.5739270763202232,-0.5455966996115514,0.29245301926298
2023-03-23,0.0101832052849394,-0.1989242844396912,-1.0060541222875274,-0.2456569841961987,0.3629113999188048,-0.5675670453886841,-0.5343178362963352,0.2156099355180305
2023-04-18,0.0194758899830371,-0.1682834110078141,-0.7910519870882274,0.2100615527830178,0.368772668987243,-0.5783133061715996,-0.6167946083230144,0.3513115100246182
2023-05-16,0.0156010886054666,-0.2236867878433565,-0.6085808407979756,-0.2970925257320331,0.3759406222798732,-0.5826447069079955,-0.6306582279547996,0.3325094975563756
2023-05-17,0.016989844041099,-0.1943685448648125,-0.603678096330275,-0.1916499010367962,0.3827784980252146,-0.5842347146408803,-0.6696643529426961,0.3586688700953526
2023-05-18,0.0133379253011192,-0.1791583226816274,-0.6001961419097086,-0.2482289182418061,0.3893897551378167,-0.5870857606455598,-0.7450918241928103,0.4134398736280988
2023-05-24,0.0084515514713619,-0.1568205950588301,-0.5741200453875579,-0.1196400644022201,0.3969834052960052,-0.5904850873424586,-0.7913822094695064,0.471480944904806
2023-06-01,-0.008076401495694,-0.1745291441251071,-0.5287252358460194,-0.3294971680497139,0.4033428790111842,-0.6154865886063569,-0.8668096807196207,0.3807407554054369
2023-06-07,-0.023438494745443,-0.1668873415728395,-0.5102545314938325,-0.1921643663303255,0.4095586607322011,-0.6342925462836569,-0.9384775308646628,0.5246169145655715
2023-06-09,-0.0425039401837901,-0.240219696540166,-0.4908261295849034,-0.3032649319882674,0.4174156330875327,-0.653866090655513,-0.9610352799042048,0.4927352158278412
2023-07-05,-0.044544207769812,-0.2274343061981401,-0.4172982474312531,-0.2075947933378522,0.4249834906345821,-0.6720689385256137,-0.9941669689040392,0.6562310018432675
2023-07-31,-0.0325597302545683,-0.1642420806661733,-0.1838869507457333,0.2506956776869717,0.4319550467684462,-0.6973994092506016,-1.057610631074904,0.6676758491428938
2023-08-01,-0.0243128895334233,-0.097743250970728,-0.1656733467281414,0.2172628896263108,0.4388018311459243,-0.7260743827863003,-1.1168247307071175,0.7428838990158628
2023-08-23,-0.0257187938121734,-0.0621057798329582,-0.0379651856833112,0.1298222335621688,0.4465749775150537,-0.7455382741569879,-1.1492514963520286,0.8630531389939321
2023-08-24,-0.0268675177670974,0.004613478927994,-0.0380162785307248,0.1375376432769518,0.4542413560491253,-0.7637411272558807,-1.146901744365913,0.8932999987618008
2023-08-30,-0.0273132961230136,0.0700836022775459,-0.0398871790308437,0.2661264971165378,0.4603087963184458,-0.7794218933535995,-1.1384425744703917,0.797654902548609
2023-09-05,-0.0215182298190408,0.1821396034806137,-0.0181767144188259,0.4811270764332072,0.4666493667646715,-0.8150600023992445,-1.1454918752469567,0.9202767907857085
2023-09-06,-0.0082135660791659,0.28464326740291,-0.014256624090625,0.5099308541182219,0.4738368851103567,-0.8485049991335974,-1.1736890559441064,0.9382611888669012
2023-09-07,0.0050739488175912,0.316680266330053,-0.015058470315824,0.4749546701769729,0.4813422464818629,-0.8751513372453608,-1.1628801340624697,0.9137370451020236
2023-09-13,0.0237450493486403,0.367895322740089,-0.0055805519484249,0.5757682844965629,0.4877564446515971,-0.8908321033430794,-1.1264587653911424,0.9047446511593086
2023-09-14,0.0409073656229681,0.4449751400019081,0.0002255028561634,0.6693809543949014,0.4952918238711987,-0.9062387343234806,-1.1360928000751669,0.9366263498970392
2023-09-18,0.0569209710231066,0.5263167727311658,0.0152955366922968,0.7069290723817571,0.502784950721237,-0.9213712249577724,-1.1563007747194842,0.9619679131468478
2023-09-20,0.0749748440092669,0.5826754169309603,0.0481636797007504,0.6606370065150983,0.5101243739714734,-0.932117485740688,-1.1720442049038051,0.9864924467159624
2023-09-25,0.0926172363257463,0.6065562040725976,0.0606850126189854,0.648292586424669,0.5175196246497676,-0.9457147977570752,-1.1701643943512694,1.1442657116305164
2023-10-31,0.100092536075413,0.5831163311222655,0.3602493647222946,0.3458517434658968,0.5255047285884623,-0.9576672729255972,-1.1431421008517315,1.4164862801286224
2023-11-01,0.1070020417288092,0.5442457508629499,0.3620342839330946,0.2028606083617642,0.5331292959423717,-0.9770763351813044,-1.115414861588161,1.3461831369694766
2023-11-07,0.1055618528445585,0.4687824881619041,0.3851632202790512,0.0475254455892416,0.5409478169445182,-0.9918250324683182,-1.1304533684175586,1.1679728257147
2023-11-08,0.1168262359176768,0.3647357647207676,0.3935495398523921,-0.058946109693054,0.5486655601061676,-1.0122758269934835,-1.1370327053514349,1.1287335720041165
2023-11-09,0.1274905402890241,0.2587785626114186,0.4006542797815501,-0.0347713423836855,0.5557094034265138,-1.039854244373536,-1.1337430480890516,1.2162040835637613
2023-11-10,0.1379662466282811,0.1698685663115345,0.4033678823951184,0.0382670324159098,0.5607297145900532,-1.0616209062854765,-1.1342130119317402,1.2145688547896625
2023-11-13,0.1479618769253866,0.0907312802976376,0.4120381774635502,0.0943315843273904,0.5652760695550872,-1.0814685962322343,-1.1273986930765196,1.2178389225336232
2023-12-04,0.1515966468222487,0.0218076187610331,0.412599341979361,-0.1366138872903349,0.5688409138533369,-1.089692775242768,-1.1001414176556377,0.9366263498970392
2023-12-05,0.1386177456979359,-0.0327875368544142,0.4222374566622538,-0.1793054809463669,0.5726052606049834,-1.082126529925622,-1.0670097286558031,0.8409812536838475
2023-12-07,0.1371432591274498,-0.0883379037738221,0.4278173995064543,-0.3413271228466139,0.5767441432204878,-1.0855258566225208,-1.0322331886156677,0.8066472964913239
2023-12-11,0.1355487568166096,-0.1141291695836721,0.4571102262988978,-0.2394849703620037,0.5810801017476833,-1.0874448285877032,-0.991817216917924,0.8965696767015247
2023-12-14,0.1368346453550055,-0.1391121581131356,0.4608907607468913,-0.2096522620899303,0.5850034803095906,-1.090076568590046,-0.960330356549281,0.6439689299608287
2023-12-15,0.1337313718681785,-0.1749700583164124,0.464282356466399,-0.2127382690070278,0.5886684067265897,-1.0899669103600853,-0.9128650840749726,0.6423338960888482
2023-12-21,0.1424925601562411,-0.1979690731357306,0.4453627857560704,-0.066661519407837,0.5907106045888261,-1.0781240934215237,-0.8524760972451466,0.6145396845800095
2023-12-22,0.1461273431338379,-0.1903272145231717,0.4513621511661345,-0.0831208770024224,0.5913762915197404,-1.0656781666757629,-0.8355577798632129,0.6202620107787639
2023-12-26,0.1568945144024217,-0.1618906878066555,0.4746101564573395,0.0197502060692463,0.5930479581603749,-1.0461594461900947,-0.8068906353233742,0.6079997439942062
2023-12-28,0.1598777721488944,-0.130000678963378,0.4740107342629061,-0.1180970609436714,0.5952571801485605,-1.028285562552292,-0.748851422888773,0.5785704986133867
2023-12-29,0.1452700841082406,-0.122579249416326,0.4742570448496329,-0.18753496353264,0.5954840533136465,-1.005860966946964,-0.70796550975745,0.5916501848828754
2024-01-01,0.1317768223362756,-0.1194196353367131,0.4758332805658047,-0.18753496353264,0.5978338450325408,-0.982723608533268,-0.6567406161780694,0.5916501848828754
2024-01-02,0.1192265507247614,-0.1242692990190316,0.4775964328966349,-0.2466859147832574,0.5995904576017034,-0.9670976663217375,-0.6226690219019668,0.657048616230317
2024-01-03,0.1104653624366988,-0.1326459398700442,0.4792917612427568,-0.1252980053649251,0.6019531625949902,-0.9539389767676084,-0.6146798158491339,0.6251669174925865
2024-01-04,0.0962862908281091,-0.1435209076041488,0.4800671209858878,-0.1592456511411546,0.6042478056387514,-0.9455503156409262,-0.6236089271782348,0.693835026779752
2024-01-05,0.0769465293035529,-0.1604946183716809,0.4798251590474465,-0.0990657693034785,0.6047896031920821,-0.9356264706675472,-0.671779123007467,0.7355263440430099
2024-01-15,0.0566466418561629,-0.157775862423082,0.4774306840355324,-0.0990657693034785,0.6048928075742849,-0.918575008068073,-0.7035009652974542,0.7355263440430099
2024-01-16,0.0367068016298356,-0.148590944291683,0.4794332365845467,-0.123240536612847,0.6066939123976626,-0.9037714868948712,-0.7253537909820723,0.7551459708983016
2024-01-24,0.0164069141824456,-0.1265471407763254,0.4931714472792843,-0.0332283389251368,0.6084262934874128,-0.8897903815312059,-0.7281735068108764,0.8467035798826014
2024-01-25,-0.0029156984989929,-0.0784916423856108,0.4936246219900164,0.0897025739517442,0.6103355066828744,-0.8758092761675406,-0.744856842271466,0.8090995549461169
2024-01-29,-0.023541348561945,-0.0479977029773079,0.4800486702256772,0.0881595704931955,0.6108535139461938,-0.8492725910569457,-0.707730550245215,0.7755830172385243
2024-01-31,-0.0438069514038343,-0.0177241926345119,0.4927262340351994,0.0526689212584172,0.6133772530708694,-0.8222972887128849,-0.6438169466407707,0.6742155948265788
2024-02-02,-0.0711706579312101,-0.028231741219244,0.508599507585415,-0.1726186093966033,0.616763279911103,-0.8014627008404417,-0.5951768093779594,0.728169178874394
2024-02-05,-0.0873214279148204,-0.033889682181949,0.5134017986848408,-0.138671356042413,0.6204453278706279,-0.7806829420829787,-0.5521761037727559,0.8352589274850936
2024-02-08,-0.0924649820684039,-0.0093476078437907,0.5412394723968756,0.048553983754261,0.6260717314582915,-0.7599580124404961,-0.4990713996408392,0.8401638341989165
2024-02-15,-0.0903218345044108,0.0113735652182337,0.5733296549236259,0.1118198725090346,0.6295142475106845,-0.7378075571812777,-0.4790984069178664,0.8973870961864557
2024-02-19,-0.0846296350976745,0.0145331792978466,0.5788429075864248,0.1118198725090346,0.6328417828176308,-0.7148346861125227,-0.4471416051156443,0.8973870961864557
2024-02-20,-0.0806348179797497,0.0140922651065414,0.5837752888045433,0.0850731711540587,0.6357182698372807,-0.6869273045001724,-0.4379775342743084,0.9259991169844622
2024-02-21,-0.0778915917139854,0.023791536410887,0.5855656353660239,0.120563820388837,0.638196193139538,-0.660500272390746,-0.4407972276940031,0.9668728198606708
2024-02-22,-0.0759198933389648,0.0703774142644029,0.5884687312412715,0.1534825355780079,0.6410998133073534,-0.6385142992476766,-0.4290484005360981,0.9685080486347696
2024-03-05,-0.0690446722910693,0.1001365714342522,0.5893158729195472,0.0696427441465319,0.6438913204608292,-0.6308932248155503,-0.4581854865095161,0.8131870421750088
2024-03-06,-0.0591690446535834,0.1099093377805307,0.589401835457294,0.1169633481782102,0.6460838790647131,-0.6262876837330449,-0.4941368913381548,0.7862102501511012
2024-03-07,-0.0438926956194226,0.1106441200189843,0.5934291537471651,0.1169633481782102,0.6470778448476657,-0.6211338671871124,-0.5322030886406737,0.7764004367234554
2024-03-15,-0.0279305367486371,0.1288669661979168,0.6116300413855438,0.2393797957615619,0.648661646922196,-0.6160348797561603,-0.5683894753906567,0.9497058412644088
2024-03-18,-0.0103052932752753,0.1623000906203257,0.6134454538834839,0.3191050421109209,0.6497201112018197,-0.6073720782833686,-0.619379387048693,0.9791352815473464
2024-03-22,0.0049196223102671,0.17993514464467,0.6261248920110146,0.2440091985592474,0.6513183707136462,-0.6123614127131521,-0.7065556854567122,0.879402698105263
2024-03-28,0.0187900801464124,0.2079308132301723,0.5834850288968153,0.3494522156765237,0.6524084139730923,-0.6174604053728963,-0.7622451234960884,0.8695928846776171
2024-04-01,0.0331063032577394,0.2474626806860087,0.5502221699388188,0.3463658163373869,0.6535865423933435,-0.6263973471917977,-0.8162897329042732,0.9701428876046316
2024-04-02,0.0465652673434691,0.2912563636092842,0.5331330735780069,0.4235191286411385,0.6550542437801011,-0.6430101925578058,-0.8785585302866352,0.9995719380833324
2024-04-03,0.0653563836148725,0.3382096606121726,0.5186137060062781,0.4456364271984289,0.6563100045661164,-0.6636802983141,-0.9311932705758632,0.9913973534297854
2024-04-04,0.0886909753380881,0.3772272309553536,0.5093549209135269,0.5125027881638293,0.6579293902627247,-0.6816638349530716,-0.9892324606013548,0.9537933284933008
2024-04-05,0.1129171106924017,0.4086763816676173,0.4968834005048606,0.5392490970967666,0.6608156513244906,-0.6989894378986553,-1.0493864431007272,1.010199170995909
2024-04-08,0.137760473591604,0.4450486350438407,0.5078743511393943,0.4986149721928112,0.6645188424376204,-0.7152733138035733,-1.063720026575201,1.0478031959323937
2024-04-09,0.15691163708407,0.4593035898627738,0.5066891949568225,0.4492368994090557,0.6689484349307802,-0.7302961514366966,-1.0982615846939925,1.0003897473725003
2024-04-10,0.1790117867982427,0.4817883075694368,0.5014888354259311,0.5037588402840268,0.6725568721356198,-0.742467937836348,-1.121054315654879,1.1589804317719852
2024-04-25,0.1965855968229861,0.4824496508262489,0.4502651473331506,0.428148531438824,0.6767727253327869,-0.7528852343869656,-1.1426721594181524,1.2783322522651237
2024-05-07,0.2041294788643887,0.4369659743605592,0.3885076571208343,0.1272506919386006,0.6805635434484973,-0.7352306619802921,-1.010145381009705,1.079684894670124
2024-05-08,0.2131992809248957,0.3850160796517781,0.3829646839583007,0.1488535252023616,0.6844771479682888,-0.7159860818407336,-0.8724491347863382,1.103392008754308
2024-05-09,0.2197830239627299,0.331449630382224,0.3725405782534496,0.1642839522098884,0.687231306742082,-0.6950418357383297,-0.7112552118380522,1.0682402422726165
2024-05-10,0.2204002515076187,0.2756788343973093,0.3642052409573296,0.1082194002984077,0.6887979872740863,-0.6698210232433024,-0.5500613112988756,1.1132018221819535
2024-05-14,0.2203659538213834,0.2239493687540351,0.3483802350986646,0.0871306399061368,0.6904963458734851,-0.6450388279817413,-0.3423420211525489,1.0649705643328924
2024-05-22,0.2206917164369454,0.1609040772456424,0.3449416846872734,0.0624417997252783,0.6918786601423135,-0.6153221274053767,-0.0989063305080376,1.0559781703901776
2024-05-24,0.2289042594718551,0.1102768129901945,0.3415959953854696,0.0737576816506881,0.6930538868938114,-0.5768878014700325,0.1590979031231828,1.082954962414085
2024-05-27,0.2359852273949585,0.1026349543776355,0.3492818295715129,0.0737576816506881,0.6938427844493847,-0.5353831078412948,0.3043134139658031,1.082954962414085
2024-05-28,0.2404258359495342,0.1073376279760885,0.3473557064389439,0.1817722403915325,0.6944755518634503,-0.4894921843611809,0.4716167324143861,1.1442657116305164
2024-05-29,0.2416945756448124,0.1052802152843017,0.3459346509932408,0.149882063367381,0.6951172109408297,-0.4404212454152975,0.6121326944665569,1.2112991768499384
2024-05-30,0.2399800575936179,0.0984466339521293,0.3465778210224515,0.0603843309732002,0.6967692955595861,-0.391350306469414,0.7463043239153055,1.1540755250581622
2024-05-31,0.238745615584575,0.0928622440916484,0.3395468360025874,0.0480399108827709,0.6985216998606154,-0.3445821380647833,0.8496939939412255,1.1213764068355003
2024-06-03,0.2307388194248731,0.0668505492162915,0.3231772141616932,-0.1196400644022201,0.700571686412663,-0.3171133789146913,0.8372402658375063,1.0298187978512017
2024-06-04,0.2201945307938801,0.0330500056445101,0.3185338082298521,-0.1628461233517815,0.7014978108407904,-0.2537871994878252,0.9556684651019334,0.9758652138033856
2024-06-07,0.2160454002493658,0.0146801693817121,0.3116803892878221,-0.0548311721888978,0.7036047277943984,-0.2400802396990616,0.8073982341000551,1.0527081026462166
2024-06-11,0.2142622999064354,-0.0022201024041784,0.2728730664971927,0.0634703378902977,0.7069989845138442,-0.2375033288116992,0.5858153467310527,1.0314536368210636
2024-07-02,0.2198859170214358,0.0171784402045128,0.2331394261212503,0.2856718616282207,0.7096114536146032,-0.2373388414667582,0.3381500711387804,1.0576130093600395
2024-07-03,0.2233149531238247,0.0574450898988029,0.2324668179490097,0.3422508788332307,0.7122428429531386,-0.2399705762403086,0.0803807970197948,0.9913973534297854
2024-07-04,0.2240864810145684,0.09947522817744,0.2296272458014923,0.3422508788332307,0.7145579503975797,-0.2456726734784601,-0.1954816816787368,0.9913973534297854
2024-07-05,0.225989597097853,0.1595813346717267,0.2289804534522584,0.3011026810577868,0.7158986571121231,-0.2430409387049097,-0.3891023702719338,0.9235464687254324
2024-07-08,0.2230234751137634,0.220054860315386,0.2128576908206723,0.2604685561538329,0.7176897503298613,-0.2388191909696822,-0.6980965155611905,0.9210942102706392
2024-07-09,0.2182914147105955,0.2570884569484217,0.2128065351593717,0.2044040042423522,0.7197813444361939,-0.2267570627999916,-0.7591904033368306,0.9464361633246848
2024-07-10,0.2117076716727613,0.2803079568935381,0.2049053591905481,0.2260068375061132,0.7220159348149409,-0.2115149139357392,-0.7671796093896636,0.9300866042133542
2024-07-11,0.204935330602837,0.2741357188181779,0.2104966382936907,0.2424661951006987,0.7253272309581632,-0.1970951861098154,-0.7587204619032514,0.8589656517650403
2024-07-15,0.1949911206736151,0.2558393775973127,0.1869635922558117,0.2141764902871741,0.7281463294180286,-0.1808113154336895,-0.7356927714301301,0.8883950920479778
2024-07-18,0.1846011454692117,0.23945351504466,0.1986979120241244,0.227549840964662,0.7311240015299303,-0.1634308833731254,-0.6969216283635781,0.8556959738253163
2024-07-19,0.1713136305724545,0.2107230642207041,0.1979819003562097,0.0999895252900954,0.732460703602218,-0.1457763109664517,-0.6468716219818098,0.8965696767015247
2024-07-22,0.1592777196085925,0.186107494840613,0.180263791074316,0.0881595704931955,0.7350976417459129,-0.1234065444761041,-0.6036359568643715,0.9137370451020236
2024-07-23,0.1430412315708632,0.1592875226848697,0.0996189848358451,0.0166641991521488,0.7377145736471519,-0.1144147735422223,-0.6395873616930101,0.8965696767015247
2024-07-25,0.1316568327573906,0.1393746269032316,0.084331243072947,0.0866165670346467,0.739957393905111,-0.1040523061065849,-0.6821181258646342,0.9104669773580624
2024-07-26,0.1281763501256487,0.1079989151726095,0.0819361088478781,0.0228362129863438,0.7414064295864388,-0.1301503687549213,-0.7232390209173014,0.8646879779637942
2024-08-05,0.1156946608058704,0.0451741087900151,-0.0117547393678272,-0.2255971543909864,0.7424693396977194,-0.1121119977721773,-0.5780234876655717,0.5254345289526217
2024-08-06,0.103007237691619,-0.0182385458074586,-0.0151747799648163,-0.2163387412176547,0.7450484480922288,-0.1091512987663292,-0.4786284206660682,0.6096347778661866
2024-08-09,0.0976408009004448,-0.0400618641970179,-0.0324444097026176,-0.0527737034368197,0.7473886863637075,-0.1263124143669719,-0.466644611586819,0.6537785484863561
2024-08-12,0.0975036493977075,-0.0407966464354716,-0.0341863405141723,0.0830160948240199,0.7493103377065146,-0.1500528825878673,-0.4565406130601057,0.6268017564624481
2024-08-16,0.0936974172311383,-0.05056941278175,0.0770116350525573,-0.0517451652718003,0.7509857883947043,-0.1888161779843016,-0.4177694924026631,0.6129046507080295
2024-08-19,0.086050668292499,-0.0851781775736265,0.1502271155469691,-0.1556447865084885,0.7530208763200543,-0.2293339632297695,-0.3778234845476081,0.5924677992699249
2024-08-20,0.0776152295392639,-0.1140555624211566,0.172115427561162,-0.1793054809463669,0.7543155466174789,-0.2807076727169057,-0.3409321744427015,0.5524113209765289
2024-08-21,0.0636076202003813,-0.1158925460474364,0.1917177668295088,-0.238456039774945,0.7554325193992132,-0.3403055612145754,-0.5063556823387484,0.5197122027538673
2024-08-27,0.0566638299414844,-0.0933343893591321,0.2535531122534327,-0.0584316443995246,0.7569024437017993,-0.3981489546344193,-0.6264286878252577,0.5646733928589678
2024-08-28,0.0511602285668383,-0.1007558189061841,0.2807470160801568,-0.1047237102661834,0.7584346605540511,-0.4542378582052295,-0.6590904353915129,0.5712133334447712
2024-09-03,0.0376669667948733,-0.1635806813490698,0.3085717570002604,-0.3567579422761799,0.7600129138234217,-0.5132326368956998,-0.7067906673780564,0.5736657868016827
2024-09-09,0.0264883017758739,-0.2211885170205558,0.3275986474210087,-0.4550000149722024,0.7614879627105893,-0.549967307325783,-0.7105502884831285,0.4534963519214948
2024-09-12,0.0169727344401853,-0.2629982822939772,0.3504770050481861,-0.4483131434224388,0.7630308529525821,-0.6243687117678623,-0.7373376000613218,0.4395992461670754
2024-09-13,0.0032394411875118,-0.3040732092686537,0.3510176226043216,-0.4668299697691023,0.7646237842539498,-0.6481091695311734,-0.7671796093896636,0.4150749075000797
2024-09-16,-0.0124826862025652,-0.3283214155596636,0.3397104583215159,-0.4081934838120143,0.7656640240175451,-0.6607744075080635,-0.7876225659553251,0.3913679883180141
2024-09-27,-0.0369317041944695,-0.3839452775210043,0.2787403117917849,-0.4477986781289095,0.7663924446875261,-0.6699854896730746,-0.8268636504554563,0.4960052835718022
2024-10-07,-0.0479217581006441,-0.3671919958189792,0.1297172350165987,0.0125492616479926,0.7677218162282268,-0.6597326804673979,-0.800311298389498,0.7224468526756401
2024-10-25,-0.0672786553875833,-0.3502917240330885,0.1592585536569233,-0.238456039774945,0.76949334439291,-0.6500281467251482,-0.7817481523763726,0.8908473505027708
2024-10-31,-0.090218902203501,-0.3405923966684515,0.1410239628320241,-0.3871047234197433,0.7712559808942794,-0.6344022045136177,-0.7509662153626534,0.9333562821530782
2024-11-06,-0.1087871358373135,-0.3189160123024663,0.1434977749316512,-0.2965784528605431,0.7731445090943603,-0.6274390690036713,-0.7112551894289428,1.0494384247064923
2024-11-07,-0.1242692448274167,-0.2893773402584154,0.1444663794171835,-0.2600592654607453,0.7756346499492623,-0.6238204310756432,-0.655095809955987,0.9799527010322776
2024-11-08,-0.1434889906116187,-0.281147633430977,0.1465617024130767,-0.3505855360199456,0.7781570315680886,-0.623601119844514,-0.6078655194030229,0.951341070038508
2024-11-11,-0.1667550000430984,-0.2822498348188031,0.1466025033924952,-0.4555140878436925,0.7806385013543775,-0.6221207651127979,-0.5535859280734937,0.95297590900837
2024-11-21,-0.1849631733751136,-0.3314809735789852,0.1801294222183725,-0.3320687096732821,0.7852671551115331,-0.6122517492543992,-0.5322030662315643,1.0543433314203154
2024-11-22,-0.2020054869898218,-0.3379471918220766,0.1780508916066269,-0.2837195674765845,0.7880244191799568,-0.6035341186666269,-0.497661508112773,1.036358543534886
2024-11-25,-0.2184991422706426,-0.3390493932099027,0.1848378697937537,-0.3948201331345263,0.7907676670004853,-0.6009572077792646,-0.5035359216917256,0.9178241425266784
2024-11-26,-0.2349413771835796,-0.3545535395005275,0.1856604036294305,-0.4051074768949168,0.7932598101765155,-0.6016699653588404,-0.4931969412436679,0.948071002294547
2024-11-27,-0.2489661353655799,-0.3751277224786865,0.1854667721658016,-0.4040785463078581,0.7955306629302652,-0.5913623270381834,-0.5004812015324677,0.8990223249605547
2024-12-09,-0.2665056607848227,-0.3878396738390709,0.1849896395238237,-0.4395691955426364,0.7987009481533781,-0.5831929771426303,-0.5089403714279893,0.8638705584788632
2024-12-12,-0.279741729152227,-0.3762299238665126,0.1803029770274766,-0.3742458380357847,0.8031158626145409,-0.5780391605966978,-0.5343178587054446,0.9660554003757398
2024-12-13,-0.2828450157197885,-0.3743195012585914,0.1813171678462977,-0.3186957514178334,0.8075192213071606,-0.6181731577236799,-0.6034009525339178,1.027366539396408
2024-12-17,-0.2884857816779065,-0.3888683801849643,0.1788189155850905,-0.3855617199611946,0.8112911361539176,-0.6414749982535247,-0.6412321903242016,1.0159218869989
2024-12-18,-0.2992358171841073,-0.3860761852547239,0.1842471508036739,-0.3752747686228434,0.8153341618876292,-0.6467933021443982,-0.6630850160088199,1.1050268477241698
2024-12-23,-0.3158152166805162,-0.3873988157080569,0.1833152064261571,-0.4143658900682486,0.8193903214904339,-0.6596778461236252,-0.7051458163377554,1.1908621305097156
2024-12-27,-0.3252622148052035,-0.3775526103801371,0.1817239103619765,-0.3351551090124189,0.8241748847943967,-0.6660378770551644,-0.7378075639040106,1.2072116896210463
2024-12-31,-0.3304400666450223,-0.3591827741173392,0.193706027876768,-0.3109803417030504,0.8305336967254742,-0.6653251142467964,-0.7298183578511777,1.169607664684562
2025-01-13,-0.3239077439750717,-0.3033384830904914,0.2330230884111029,0.0166641991521488,0.8376258163475907,-0.6533726390782743,-0.6637899393637436,1.3576277893669844
2025-01-14,-0.3172725674886193,-0.2634391964852826,0.2338594495000511,-0.039400745181371,0.8457172129942958,-0.6416394751408814,-0.6069256141267549,1.3453657174845457
2025-01-15,-0.3130205700468684,-0.1984834823689686,0.2345972202822586,0.0691282788530026,0.8534845729947419,-0.6327025333219799,-0.5888324095472087,1.2350059011298855
2025-01-16,-0.3084942434381738,-0.1404347885664687,0.2389204735200513,0.0310660879946561,0.8610800048793577,-0.6243686960814858,-0.562984980836174,1.1965844567084696
2025-01-17,-0.2964240347880764,-0.0804756160957562,0.2383831980262949,0.0053483172267389,0.8690537566753866,-0.6138965756446798,-0.5105852224682904,1.1990371049674995
2025-01-20,-0.2810790903814451,-0.0318322694901622,0.2433674623816389,0.0053483172267389,0.8773718058924773,-0.6019441004761579,-0.4358626745730998,1.1990371049674995
2025-01-22,-0.2690260305744654,0.0002047294369807,0.2497649660650673,-0.0867213492130493,0.8851863052835449,-0.582260897874341,-0.3813481013222263,1.1908621305097156
2025-01-27,-0.2596476147415141,-0.0286726554105493,0.2410788609062108,-0.1854774947805619,0.8925092857441802,-0.5516669576022519,-0.3312981173495675,1.1328210592330092
2025-01-28,-0.2515208028414579,-0.0465281385004006,0.2432761035158972,-0.1643891268103302,0.9004796946820548,-0.5201957619480617,-0.2671495094146695,1.1516232666033692
2025-01-29,-0.2436340224221102,-0.0865743591291837,0.2429886870273792,-0.2111952655484791,0.9088546912695292,-0.4835707549767313,-0.1877274575472482,1.154892944543093
2025-01-30,-0.2505949615241248,-0.1190522161873407,0.2441460585937419,-0.1962789114124424,0.917028403677179,-0.4709055222286334,-0.1426119818772738,1.1197415678656386
2025-01-31,-0.2493776552774648,-0.1486643832733244,0.2384730852874315,-0.2019368523751473,0.9253869405062288,-0.4620234095247123,-0.1308631547193688,1.166337596940601
2025-02-10,-0.2447313129284159,-0.1848162075840409,0.1778503961361511,-0.2477144529482768,0.9349207040867766,-0.4680544762239538,-0.177153539996065,1.1042094282392387
2025-02-11,-0.2411651122425551,-0.1995120765942793,0.1765726465285135,-0.1895924322847181,0.9440954922142656,-0.4680544762239538,-0.2217990966415695,1.140178614205862
2025-02-12,-0.2419366401332987,-0.2134731633660641,0.1751120271931993,-0.2832051021830551,0.9517607677748348,-0.468273787455083,-0.2976965093252631,1.221926409762515
2025-02-13,-0.2399649548390128,-0.2316225705633551,0.1704643282592294,-0.2914349771913675,0.959465852194438,-0.4655872235665522,-0.3738289263394104,1.1303688007782156
2025-02-14,-0.2349757141120189,-0.245142799204126,0.1650394501852782,-0.3058368660338748,0.967036356877894,-0.4614751340612855,-0.4588904098644399,1.0870424496429771
2025-02-17,-0.2341013193240387,-0.2607939355786163,0.1494122023804137,-0.3058368660338748,0.9738451141227652,-0.4629554835642095,-0.4981314719554618,1.0870424496429771
2025-02-18,-0.2329525953691146,-0.2675540779291473,0.1496797157748857,-0.2492578488288648,0.9813560242994306,-0.4653130832204427,-0.5117601096659028,1.1459009404046152
2025-02-19,-0.2277576077669129,-0.266304942517747,0.1489970893039681,-0.2389705050684744,0.9893415694275264,-0.464655149527055,-0.4889673787050166,1.1385433854317624
2025-02-20,-0.2214653165776708,-0.2701258437938808,0.1450358601399589,-0.2163387412176547,0.997355588240814,-0.4681093053389341,-0.4934319231650124,1.1099317544379927
2025-02-21,-0.2187220903119066,-0.2756367946727202,0.141309926447893,-0.3217817583349309,1.0045326707602815,-0.4686575860311534,-0.502126052572769,1.0445335179926696
2025-02-24,-0.2141957637032119,-0.2774002832570673,0.1277666031567765,-0.3037793972817967,1.0116250109770988,-0.4668482670671393,-0.5143448435733626,1.022461632682585
2025-02-25,-0.2148644377774537,-0.2900387395755189,0.1263121070462278,-0.3943060602630363,1.0187807297482612,-0.4639423867186871,-0.5448917986657374,0.944800934550586
2025-02-27,-0.2156359656681973,-0.2951822713049858,0.1262432094624778,-0.3418415881401432,1.0269929104779192,-0.4625168611019512,-0.6015211419813818,0.9341737016380092
2025-03-04,-0.2193221820944124,-0.3304523232933832,0.1248429381970469,-0.4961482127476464,1.0355898592717754,-0.4661354990299792,-0.6447568295079295,0.872862952421578
2025-03-05,-0.2263345546450452,-0.379977386161005,0.1272643583123092,-0.5856459451418272,1.0439472931273226,-0.4699734481891363,-0.6858777245605969,0.9178241425266784
2025-03-06,-0.2317695737279554,-0.4315599177807049,0.1259744375435215,-0.5774164625555542,1.0514733225253865,-0.4688220681473021,-0.7082005140879037,0.93499112112294
2025-03-07,-0.2383018833171712,-0.4614660089741284,0.1240120402013081,-0.5311243966888953,1.0599517271209409,-0.467561024646715,-0.7331080151135609,0.9603330741769858
2025-03-19,-0.2449199240412407,-0.4908577469946052,0.1324403043078204,-0.5095215634251343,1.0672684800234915,-0.4738662264632738,-0.7598953266917544,0.9104669773580624
2025-03-24,-0.2586532172939143,-0.4910046810181794,0.1351331431453938,-0.3953345984280557,1.0737958772122451,-0.4864766353251836,-0.760365290534443,0.9717777265744936
2025-03-28,-0.2694375374056157,-0.4940173610742181,0.1229675003116749,-0.3629303485324142,1.0794656531117983,-0.501554296844495,-0.7742289101662284,0.9096495578731316
2025-04-02,-0.2815763283474489,-0.4652869663105536,0.1194960878383287,-0.2950354494019943,1.0848115959909697,-0.5099977870861576,-0.7768136440736881,0.8614183000240702
2025-04-07,-0.3108602998012269,-0.5026879820929617,0.1253897190888457,-0.8474530556186848,1.0896239542271997,-0.4698637899591756,-0.5625150169934853,0.8279017623164776
2025-04-08,-0.3416701912741092,-0.55147826272213,0.1280535373230646,-0.9189484269597314,1.0956426939741717,-0.4441495206581173,-0.4048457332289268,0.9153718840718854
2025-04-15,-0.3693082269684288,-0.5932880279955514,0.1609186879682303,-0.8237927536028457,1.1014121108030728,-0.4457395336197943,-0.3423419987434394,0.9652379808908088
2025-04-17,-0.388236507823304,-0.614009201057576,0.1744583369670867,-0.6545697748593058,1.107032728022053,-0.4528671564746817,-0.2913520870854031,0.9734129553485926
2025-04-21,-0.4067875926139989,-0.6635342639251978,0.1697073040839019,-0.7420100385014086,1.1118088408521032,-0.4671772208418526,-0.2485863409924346,1.032271446110231
2025-04-22,-0.4240184911800627,-0.7090179403908875,0.1781190087226533,-0.6813160837922424,1.1154321766836404,-0.4834611019755629,-0.1896072456906749,1.019191564938624
2025-04-23,-0.4419523484258688,-0.7739001594652687,0.2077404942525712,-0.7492109829226622,1.1194158285052622,-0.498154964918804,-0.1369725054014469,1.017556725968762
2025-04-24,-0.4596461741909664,-0.7567059635719382,0.2244246190683222,-0.7270936843653718,1.1239103606844942,-0.5044053376203824,-0.2906471861395889,0.95052326074934
2025-04-25,-0.476602756670821,-0.7269468064020889,0.2362168757016848,-0.7106343267707864,1.1278384056727593,-0.4994160031905989,-0.3677195084300041,0.9186415620116094
2025-05-07,-0.5018919044663069,-0.753031968289233,0.2875582733296113,-1.006388886812854,1.1307293331608823,-0.4741403615805912,-0.2988713741137662,0.9259991169844622
2025-05-12,-0.5225347033723765,-0.7750757718045905,0.3017541964859051,-0.808876399466809,1.1350357150293833,-0.4548409575548446,-0.2302582441279817,1.0747799879563011
2025-05-20,-0.5393369855063763,-0.7815419900476819,0.2956400499483164,-0.787273566203048,1.1392938205961138,-0.4411888216522692,-0.1863176556556197,1.0943996148115929
2025-05-27,-0.5580766683291614,-0.8061576154880644,0.2840399651512051,-0.8536254618749191,1.142997469867468,-0.4215604429366405,-0.1085403876011713,1.0559781703901776
2025-05-28,-0.5749475196741625,-0.8151221045539564,0.2831139314334683,-0.8119624063839065,1.1471445823621844,-0.4051120849155735,-0.0601352098505947,1.0911299368718697
2025-05-29,-0.5931042595575594,-0.8327571585783008,0.2819236940116926,-0.8505390625357823,1.1512939347415525,-0.4012741357564163,-0.0561406068241783,1.0478031959323937
2025-05-30,-0.6135755961939219,-0.8545805330281514,0.2734148931702551,-0.8633979479197409,1.1552733613262185,-0.3990261943301439,-0.0815180716925242,1.0412634502487088
2025-06-05,-0.6319209471901437,-0.8235722684770473,0.2709703077958096,-0.789331034955126,1.160232958040642,-0.4008903424091382,-0.1750387251130752,1.023279052167516
2025-06-12,-0.6441283204237128,-0.7912413454424645,0.3171098086300993,-0.5825599382247297,1.1641018497115176,-0.4045089803371662,-0.2777234493749621,0.9930321923996474
2025-06-16,-0.6461857368528523,-0.7335600147290459,0.3112503769293654,-0.3835042512091164,1.169835445354817,-0.4028093143743207,-0.3376424499529898,1.0706928905316462
2025-06-17,-0.6433224948467339,-0.6427395397609492,0.3049914845913852,-0.2178821370982427,1.1750870924839223,-0.4030286256054499,-0.4349227692968317,1.022461632682585
2025-06-20,-0.6364815584043391,-0.5537560484191324,0.3049914845913852,-0.1890779669911887,1.181417430729808,-0.4033027659515594,-0.5371375745342488,1.0077469125411165
2025-06-27,-0.6313894376993738,-0.4592616061984761,0.3049914845913852,-0.1890779669911887,1.1877528935602757,-0.4013289648713966,-0.6017561239027261,1.0077469125411165
